,Date,Calculated Price
1483,2023-08-01,4507.66
1482,2023-07-01,4449.373210936728
1481,2023-06-01,4500.2257620478695
1480,2023-05-01,4332.138777481584
1479,2023-04-01,4128.205429275381
1478,2023-03-01,4097.881109068276
1477,2023-02-01,3940.270297181034
1476,2023-01-01,4045.036748979606
1475,2022-12-01,3921.5092088992783
1474,2022-11-01,3868.129028308619
1473,2022-10-01,3867.742254083211
1472,2022-09-01,3673.4184196820315
1471,2022-08-01,3790.5463003632563
1470,2022-07-01,4088.1646897791807
1469,2022-06-01,3840.4553215398596
1468,2022-05-01,3822.8701189924946
1467,2022-04-01,3956.19385179809
1466,2022-03-01,4294.142897859644
1465,2022-02-01,4288.9961025366
1464,2022-01-01,4327.510949991525
1463,2021-12-01,4456.7569000942585
1462,2021-11-01,4550.03256773278
1461,2021-10-01,4537.780560220186
1460,2021-09-01,4332.423677888281
1459,2021-08-01,4313.0151098937595
1458,2021-07-01,4316.4682845213765
1457,2021-06-01,4223.9634842170235
1456,2021-05-01,4098.150270900382
1455,2021-04-01,4025.2924770654963
1454,2021-03-01,3994.931001454442
1453,2021-02-01,3768.091870830449
1452,2021-01-01,3737.4448232795567
1451,2020-12-01,3646.6434025559147
1450,2020-11-01,3547.3184849765707
1449,2020-10-01,3402.377215592337
1448,2020-09-01,3273.0901544899825
1447,2020-08-01,3217.4286390346824
1446,2020-07-01,3237.826948812199
1445,2020-06-01,3057.7268380509954
1444,2020-05-01,2954.896441873788
1443,2020-04-01,2774.2901529187757
1442,2020-03-01,2619.9737018781525
1441,2020-02-01,2511.4778583954685
1440,2020-01-01,3097.5306590965324
1439,2019-12-01,3093.8180774036477
1438,2019-11-01,2993.5346660896444
1437,2019-10-01,2921.37666252527
1436,2019-09-01,2797.4496433259314
1435,2019-08-01,2797.169926333298
1434,2019-07-01,2713.3280884016863
1433,2019-06-01,2800.999368640122
1432,2019-05-01,2697.6782901282118
1431,2019-04-01,2660.4322387852185
1430,2019-03-01,2701.7693092162267
1429,2019-02-01,2604.868211739517
1428,2019-01-01,2555.0448374100215
1427,2018-12-01,2414.29163508459
1426,2018-11-01,2373.0014105411733
1425,2018-10-01,2512.7079738894254
1424,2018-09-01,2566.0824896746585
1423,2018-08-01,2668.8325425633475
1422,2018-07-01,2624.736961608328
1421,2018-06-01,2561.9687277777725
1420,2018-05-01,2522.119243726888
1419,2018-04-01,2470.0021973625385
1418,2018-03-01,2422.520789880873
1417,2018-02-01,2463.4134532040603
1416,2018-01-01,2461.936291429203
1415,2017-12-01,2535.2036777151716
1414,2017-11-01,2417.7032974586796
1413,2017-10-01,2350.0226452747665
1412,2017-09-01,2313.2420959491747
1411,2017-08-01,2251.768807504307
1410,2017-07-01,2215.21771520345
1409,2017-06-01,2209.6934814997007
1408,2017-05-01,2188.0319650457477
1407,2017-04-01,2149.7661279679187
1406,2017-03-01,2114.0388710472207
1405,2017-02-01,2117.2146930868507
1404,2017-01-01,2080.8006811664377
1403,2016-12-01,2028.4662518682371
1402,2016-11-01,1999.6709896177417
1401,2016-10-01,1923.685415697683
1400,2016-09-01,1900.8749166973153
1399,2016-08-01,1910.6190739745857
1398,2016-07-01,1919.0629509588043
1397,2016-06-01,1896.3072637932848
1396,2016-05-01,1835.7282321328994
1395,2016-04-01,1816.2938875362615
1394,2016-03-01,1821.7591650313557
1393,2016-02-01,1771.6222552089425
1392,2016-01-01,1665.6847077932891
1391,2015-12-01,1674.8966393094913
1390,2015-11-01,1789.8019227500442
1389,2015-10-01,1809.7087186552521
1388,2015-09-01,1758.1936448608296
1387,2015-08-01,1685.3850123282493
1386,2015-07-01,1764.9858753044814
1385,2015-06-01,1808.7578144132829
1384,2015-05-01,1810.20597919664
1383,2015-04-01,1818.2060859749297
1382,2015-03-01,1800.5605921716474
1381,2015-02-01,1784.8538780448528
1380,2015-01-01,1783.783607880125
1379,2014-12-01,1734.6918291161383
1378,2014-11-01,1754.1630388473438
1377,2014-10-01,1743.1809985564382
1376,2014-09-01,1649.0218508716662
1375,2014-08-01,1693.9104785533293
1374,2014-07-01,1664.2861844697675
1373,2014-06-01,1671.4735206083835
1372,2014-05-01,1646.7719414860924
1371,2014-04-01,1595.7092456260584
1370,2014-03-01,1571.662804713935
1369,2014-02-01,1568.52575320752
1368,2014-01-01,1526.99158217243
1367,2013-12-01,1528.9792552041954
1366,2013-11-01,1514.2906360346592
1365,2013-10-01,1491.6180417993096
1364,2013-09-01,1436.1814382816383
1363,2013-08-01,1406.3664691359559
1362,2013-07-01,1389.8275216285758
1361,2013-06-01,1386.3616175846144
1360,2013-05-01,1342.7231163047113
1359,2013-04-01,1357.931954191658
1358,2013-03-01,1298.586548906625
1357,2013-02-01,1280.0261694496057
1356,2013-01-01,1246.1313954922175
1355,2012-12-01,1217.757642423744
1354,2012-11-01,1167.8887910460767
1353,2012-10-01,1142.9720014152247
1352,2012-09-01,1176.3812282989138
1351,2012-08-01,1178.974973240042
1350,2012-07-01,1144.413680100992
1349,2012-06-01,1106.8901055237372
1348,2012-05-01,1075.4859167545058
1347,2012-04-01,1087.997892518468
1346,2012-03-01,1122.6889820642534
1345,2012-02-01,1123.138237359197
1344,2012-01-01,1091.6973535762024
1343,2011-12-01,1048.0965376115614
1342,2011-11-01,1000.2830097457161
1341,2011-10-01,985.015273013999
1340,2011-09-01,967.8837309757286
1339,2011-08-01,939.5105134689658
1338,2011-07-01,946.9917482803808
1337,2011-06-01,1056.9104333486391
1336,2011-05-01,1025.1313611528992
1335,2011-04-01,1064.0765633723263
1334,2011-03-01,1057.0997053172325
1333,2011-02-01,1034.1417582833424
1332,2011-01-01,1045.7495786058676
1331,2010-12-01,1013.814424242237
1330,2010-11-01,979.9095536847449
1329,2010-10-01,944.8554176885016
1328,2010-09-01,921.9001050722038
1327,2010-08-01,881.5262048883187
1326,2010-07-01,852.7872737625216
1325,2010-06-01,845.5158375595099
1324,2010-05-01,846.8708308889322
1323,2010-04-01,877.9502704633343
1322,2010-03-01,932.7988423962328
1321,2010-02-01,896.1464524894158
1320,2010-01-01,845.8999929105304
1319,2009-12-01,871.1637414114629
1318,2009-11-01,859.474883002627
1317,2009-10-01,840.7266780814116
1316,2009-09-01,823.5152101884726
1315,2009-08-01,804.2140724496802
1314,2009-07-01,775.8939435115101
1313,2009-06-01,717.6229592226324
1312,2009-05-01,708.5534747458852
1311,2009-04-01,688.78533561377
1310,2009-03-01,645.7766131762329
1309,2009-02-01,574.9435658620307
1308,2009-01-01,609.6316041374516
1307,2008-12-01,653.4100794613629
1306,2008-11-01,660.6775323168482
1305,2008-10-01,662.9980254057683
1304,2008-09-01,725.4601437857186
1303,2008-08-01,908.9840167719817
1302,2008-07-01,955.3168857298809
1301,2008-06-01,935.5762273331516
1300,2008-05-01,996.1416389833386
1299,2008-04-01,1040.3568031157583
1298,2008-03-01,1014.3884585762073
1297,2008-02-01,973.1278382350415
1296,2008-01-01,999.4123839324653
1295,2007-12-01,1015.2502884320046
1294,2007-11-01,1087.4574640445637
1293,2007-10-01,1074.1381509725047
1292,2007-09-01,1128.414908049695
1291,2007-08-01,1095.6548286723905
1290,2007-07-01,1063.0201112568066
1289,2007-06-01,1109.6243332534516
1288,2007-05-01,1103.335321918516
1287,2007-04-01,1099.5966931617659
1286,2007-03-01,1063.5425990538406
1285,2007-02-01,1020.870223703053
1284,2007-01-01,1046.7243142654086
1283,2006-12-01,1030.2404667966618
1282,2006-11-01,1023.1805212003793
1281,2006-10-01,1001.6451504653737
1280,2006-09-01,982.0050494758566
1279,2006-08-01,947.6983685348935
1278,2006-07-01,924.3132434749765
1277,2006-06-01,903.6203377407143
1276,2006-05-01,897.1607801238226
1275,2006-04-01,922.1510742356077
1274,2006-03-01,929.4940774474425
1273,2006-02-01,922.1171403248437
1272,2006-01-01,908.5793086263118
1271,2005-12-01,908.7610608384795
1270,2005-11-01,895.595802541125
1269,2005-10-01,876.8316061691061
1268,2005-09-01,843.4317104358465
1267,2005-08-01,866.1241635200724
1266,2005-07-01,863.7057873155889
1265,2005-06-01,861.0365739363859
1264,2005-05-01,845.728881186903
1263,2005-04-01,827.6853407583704
1262,2005-03-01,816.7410112081808
1261,2005-02-01,836.9105555980949
1260,2005-01-01,839.0921953058903
1259,2004-12-01,825.2283588767608
1258,2004-11-01,836.5213977463363
1257,2004-10-01,814.2912467111227
1256,2004-09-01,777.217950473535
1255,2004-08-01,776.4415089645705
1254,2004-07-01,755.4402694732152
1253,2004-06-01,766.0889052562774
1252,2004-05-01,783.6424971934098
1251,2004-04-01,761.8534874522747
1250,2004-03-01,781.8693426234346
1249,2004-02-01,774.3580693507324
1248,2004-01-01,786.7094070412805
1247,2003-12-01,778.2267356229901
1246,2003-11-01,741.6627614819309
1245,2003-10-01,719.6417247059295
1244,2003-09-01,711.038162934423
1243,2003-08-01,696.8912701503705
1242,2003-07-01,675.5440773074548
1241,2003-06-01,676.6944578858609
1240,2003-05-01,672.6585068447921
1239,2003-04-01,636.3845854728403
1238,2003-03-01,604.296444281493
1237,2003-02-01,573.935268573932
1236,2003-01-01,566.5139360121725
1235,2002-12-01,605.314602000398
1234,2002-11-01,606.6492303070736
1233,2002-10-01,613.0246870524187
1232,2002-09-01,574.9082688290525
1231,2002-08-01,582.8939154710054
1230,2002-07-01,612.0263707171413
1229,2002-06-01,605.1279125144762
1228,2002-05-01,678.0904443237071
1227,2002-04-01,720.7594008542804
1226,2002-03-01,741.6746252873847
1225,2002-02-01,768.6543945355837
1224,2002-01-01,732.4005664941245
1223,2001-12-01,757.7864112717274
1222,2001-11-01,760.0666111050425
1221,2001-10-01,749.0554953237829
1220,2001-09-01,713.046640003601
1219,2001-08-01,691.0705950800552
1218,2001-07-01,778.6710930479496
1217,2001-06-01,794.9679357304233
1216,2001-05-01,816.6919413708889
1215,2001-04-01,836.6888037812611
1214,2001-03-01,782.8300933582159
1213,2001-02-01,779.3231392316734
1212,2001-01-01,857.1525948434595
1211,2000-12-01,875.8967860652559
1210,2000-11-01,871.8861099594426
1209,2000-10-01,901.8267583362046
1208,2000-09-01,908.8247085923659
1207,2000-08-01,958.7769897587995
1206,2000-07-01,969.2448339656282
1205,2000-06-01,960.2187774575274
1204,2000-05-01,952.1257089316088
1203,2000-04-01,922.9601676343628
1202,2000-03-01,949.9384187261866
1201,2000-02-01,936.6381568982317
1200,2000-01-01,901.1334971120182
1199,1999-12-01,924.049935512734
1198,1999-11-01,925.1601276659331
1197,1999-10-01,899.8736773328792
1196,1999-09-01,840.1397416981414
1195,1999-08-01,850.946765621535
1194,1999-07-01,856.0832652128119
1193,1999-06-01,889.6220151852975
1192,1999-05-01,851.1500336636984
1191,1999-04-01,856.3739145424071
1190,1999-03-01,857.2311456880951
1189,1999-02-01,822.2840726024893
1188,1999-01-01,798.9545983312179
1187,1998-12-01,799.5142583120363
1186,1998-11-01,761.0797318534377
1185,1998-10-01,731.1044494269335
1184,1998-09-01,658.8307194980026
1183,1998-08-01,650.4400429440248
1182,1998-07-01,683.9537780694267
1181,1998-06-01,735.1970096414346
1180,1998-05-01,703.7398388450605
1179,1998-04-01,702.8963632092094
1178,1998-03-01,704.4461447276102
1177,1998-02-01,681.2166567330144
1176,1998-01-01,646.867967650759
1175,1997-12-01,607.9586162131194
1174,1997-11-01,606.5030089915397
1173,1997-10-01,590.9607414903436
1172,1997-09-01,597.8358538091488
1171,1997-08-01,588.1316810714696
1170,1997-07-01,581.2152199540168
1169,1997-06-01,579.1880617379339
1168,1997-05-01,547.7473630962114
1167,1997-04-01,519.9804092426538
1166,1997-03-01,476.08534081912995
1165,1997-02-01,492.8929918409048
1164,1997-01-01,495.9679933999847
1163,1996-12-01,475.24721483325476
1162,1996-11-01,460.2432837819628
1161,1996-10-01,454.7858535394889
1160,1996-09-01,432.92323040408274
1159,1996-08-01,415.7925762620849
1158,1996-07-01,407.5598669497009
1157,1996-06-01,395.38209832140177
1156,1996-05-01,409.63748272005984
1155,1996-04-01,404.4603897314967
1154,1996-03-01,395.1738053067872
1153,1996-02-01,394.38503523631454
1152,1996-01-01,395.1753860083312
1151,1995-12-01,373.1590047293024
1150,1995-11-01,372.56290408276993
1149,1995-10-01,360.34713616671814
1148,1995-09-01,352.03901540320254
1147,1995-08-01,348.86434981984195
1146,1995-07-01,336.3520534321654
1145,1995-06-01,334.64536208552914
1144,1995-05-01,323.1727301646829
1143,1995-04-01,313.2125704251627
1142,1995-03-01,303.0600584665338
1141,1995-02-01,293.6059469739719
1140,1995-01-01,286.2772493895982
1139,1994-12-01,275.74383489654997
1138,1994-11-01,269.1496680298194
1137,1994-10-01,271.95076086674686
1136,1994-09-01,272.96071551414923
1135,1994-08-01,274.16705053650986
1134,1994-07-01,271.93716577713735
1133,1994-06-01,263.8117634624926
1132,1994-05-01,265.1907553905233
1131,1994-04-01,262.2794534571489
1130,1994-03-01,259.528451867355
1129,1994-02-01,268.5240060707242
1128,1994-01-01,272.39197207417754
1127,1993-12-01,272.6100601222754
1126,1993-11-01,267.9477689426729
1125,1993-10-01,265.5840707133243
1124,1993-09-01,265.55751496182813
1123,1993-08-01,262.30493378291993
1122,1993-07-01,258.810985478954
1121,1993-06-01,254.33469484960102
1120,1993-05-01,254.18218553827808
1119,1993-04-01,251.9898736376307
1118,1993-03-01,250.18851632012576
1117,1993-02-01,253.5865764444818
1116,1993-01-01,248.24921825206243
1115,1992-12-01,244.0515319033252
1114,1992-11-01,243.7103374309219
1113,1992-10-01,235.9933547312113
1112,1992-09-01,229.65488004205068
1111,1992-08-01,232.39716660802537
1110,1992-07-01,231.51740048617788
1109,1992-06-01,229.36140329520296
1108,1992-05-01,225.0627056179011
1107,1992-04-01,228.0963875726169
1106,1992-03-01,223.4705472446526
1105,1992-02-01,222.89103056518314
1104,1992-01-01,225.16519907584922
1103,1991-12-01,226.5243451467296
1102,1991-11-01,210.99510539002387
1101,1991-10-01,209.03022130971254
1100,1991-09-01,208.98842362498755
1099,1991-08-01,208.61292036832455
1098,1991-07-01,209.2406422952102
1097,1991-06-01,203.77935556604032
1096,1991-05-01,202.2021785731696
1095,1991-04-01,201.49693928566973
1094,1991-03-01,201.86028780371643
1093,1991-02-01,197.39906884775712
1092,1991-01-01,191.5751832761618
1091,1990-12-01,171.6469700530076
1090,1990-11-01,172.8395630379696
1089,1990-10-01,165.25438668894694
1088,1990-09-01,160.47231179738486
1087,1990-08-01,164.28369348626623
1086,1990-07-01,171.73708288340606
1085,1990-06-01,186.38710970632306
1084,1990-05-01,186.07078936440357
1083,1990-04-01,180.35358085141374
1082,1990-03-01,173.66738647223278
1081,1990-02-01,173.32074498226825
1080,1990-01-01,168.7476827789585
1079,1989-12-01,173.12781653735354
1078,1989-11-01,177.04040958927655
1077,1989-10-01,172.31887248323588
1076,1989-09-01,175.49533810289833
1075,1989-08-01,174.98787327041416
1074,1989-07-01,174.18661484214033
1073,1989-06-01,166.3832408464422
1072,1989-05-01,161.85140160159744
1071,1989-04-01,156.5445416400014
1070,1989-03-01,150.35011682673974
1069,1989-02-01,145.18165008375794
1068,1989-01-01,145.4143129845332
1067,1988-12-01,140.7689380295578
1066,1988-11-01,135.99549611589006
1065,1988-10-01,132.8989505676635
1064,1988-09-01,135.6388554477072
1063,1988-08-01,130.67327114422656
1062,1988-07-01,128.19902986777842
1061,1988-06-01,130.44264333310787
1060,1988-05-01,130.84827297934382
1059,1988-04-01,123.4417669616451
1058,1988-03-01,126.2056711600502
1057,1988-02-01,127.33898815462638
1056,1988-01-01,123.35463349280866
1055,1987-12-01,119.37930271248297
1054,1987-11-01,114.51252058751363
1053,1987-10-01,116.05606626888986
1052,1987-09-01,132.33302881287327
1051,1987-08-01,150.12255112067302
1050,1987-07-01,154.81339705132828
1049,1987-06-01,145.43297045686077
1048,1987-05-01,141.03274869749882
1047,1987-04-01,134.9595681315778
1046,1987-03-01,134.73052623697495
1045,1987-02-01,135.89925987187306
1044,1987-01-01,130.19664674446545
1043,1986-12-01,122.2963054146773
1042,1986-11-01,114.64920353864939
1041,1986-10-01,112.72166309964547
1040,1986-09-01,108.87826050385925
1039,1986-08-01,108.97633920914748
1038,1986-07-01,111.72476851460681
1037,1986-06-01,109.23422811361637
1036,1986-05-01,111.23648484074987
1035,1986-04-01,107.86045267211273
1034,1986-03-01,107.33451355568985
1033,1986-02-01,104.4719812689214
1032,1986-01-01,98.39139317095629
1031,1985-12-01,93.08551861017625
1030,1985-11-01,92.39257430290446
1029,1985-10-01,87.75056919261513
1028,1985-09-01,82.45684006071708
1027,1985-08-01,81.23826606967201
1026,1985-07-01,82.79480846888708
1025,1985-06-01,84.3553830554122
1024,1985-05-01,82.49915213243247
1023,1985-04-01,80.4791260681226
1022,1985-03-01,78.33280715215358
1021,1985-02-01,77.54187997639436
1020,1985-01-01,77.91587618206829
1019,1984-12-01,73.65145683152309
1018,1984-11-01,70.34523097566677
1017,1984-10-01,70.84825357605676
1016,1984-09-01,69.94595081060002
1015,1984-08-01,70.23390984094792
1014,1984-07-01,69.25738077206185
1013,1984-06-01,63.41670247418904
1012,1984-05-01,63.999094231697484
1011,1984-04-01,65.2053940210876
1010,1984-03-01,65.3688160612407
1009,1984-02-01,65.03712671499422
1008,1984-01-01,64.7522169603686
1007,1983-12-01,68.23924223876973
1006,1983-11-01,67.17783248549885
1005,1983-10-01,67.26527734604872
1004,1983-09-01,68.04094410889006
1003,1983-08-01,67.60153413699956
1002,1983-07-01,65.4356152715125
1001,1983-06-01,67.0515578148504
1000,1983-05-01,66.57884799409233
999,1983-04-01,65.43375724235118
998,1983-03-01,62.66400808499442
997,1983-02-01,60.138203536462974
996,1983-01-01,57.89756766772213
995,1982-12-01,56.69006919389222
994,1982-11-01,54.54639583747929
993,1982-10-01,53.8145183874105
992,1982-09-01,51.49714678221101
991,1982-08-01,47.29715905787198
990,1982-07-01,42.191934931197125
989,1982-06-01,41.86123120468015
988,1982-05-01,41.76100479317653
987,1982-04-01,44.0842444771208
986,1982-03-01,43.834388462882366
985,1982-02-01,41.561001671453845
984,1982-01-01,42.73185448432433
983,1981-12-01,43.563925460622215
982,1981-11-01,45.76042590401494
981,1981-10-01,45.226750251052515
980,1981-09-01,43.89242066290034
979,1981-08-01,43.14599495026083
978,1981-07-01,47.05124858261813
977,1981-06-01,46.67782597481957
976,1981-05-01,47.6401571492341
975,1981-04-01,47.23394522033919
974,1981-03-01,48.0117353327294
973,1981-02-01,47.40027182617179
972,1981-01-01,45.51591302685979
971,1980-12-01,46.957508539007314
970,1980-11-01,46.95281325768155
969,1980-10-01,47.542338252006424
968,1980-09-01,45.44722134786963
967,1980-08-01,43.98685767312198
966,1980-07-01,42.77212920373589
965,1980-06-01,41.32572869926173
964,1980-05-01,39.36908516648731
963,1980-04-01,36.841741686774576
962,1980-03-01,35.074011506830324
961,1980-02-01,35.485644988699235
960,1980-01-01,38.90116749473716
959,1979-12-01,37.26165468844555
958,1979-11-01,36.06781017176029
957,1979-10-01,34.5477108924907
956,1979-09-01,34.658618471599816
955,1979-08-01,35.859925992343314
954,1979-07-01,35.3160586885398
953,1979-06-01,33.63113864254814
952,1979-05-01,33.16026290923697
951,1979-04-01,32.3767456641642
950,1979-03-01,33.00045424947936
949,1979-02-01,32.217567362568936
948,1979-01-01,31.480913975541267
947,1978-12-01,31.818186755145813
946,1978-11-01,30.538618634365882
945,1978-10-01,29.963322835916287
944,1978-09-01,31.687101137813332
943,1978-08-01,32.589839697432204
942,1978-07-01,32.45999969863765
941,1978-06-01,30.243174973108783
940,1978-05-01,30.26133177217209
939,1978-04-01,30.05993023956699
938,1978-03-01,28.49282487162748
937,1978-02-01,27.180029449229686
936,1978-01-01,27.106840978587503
935,1977-12-01,27.372352800754825
934,1977-11-01,28.33283593908998
933,1977-10-01,28.355520355374278
932,1977-09-01,28.080333091081677
931,1977-08-01,28.711997025645886
930,1977-07-01,29.054844187053114
929,1977-06-01,29.672022249849995
928,1977-05-01,29.29702038887243
927,1977-04-01,29.035699096999437
926,1977-03-01,29.018288124124965
925,1977-02-01,29.367764521936003
924,1977-01-01,29.382455749810905
923,1976-12-01,30.095724418530068
922,1976-11-01,30.259123686436826
921,1976-10-01,29.154180254780638
920,1976-09-01,29.26245132468196
919,1976-08-01,30.201724971289053
918,1976-07-01,29.482355497158387
917,1976-06-01,29.648386461341904
916,1976-05-01,28.877360924653654
915,1976-04-01,28.619782878744953
914,1976-03-01,28.728952899764057
913,1976-02-01,28.41637279897533
912,1976-01-01,28.190846030729496
911,1975-12-01,27.05974854168698
910,1975-11-01,24.700820211489713
909,1975-10-01,24.99577030104201
908,1975-09-01,24.496050863428078
907,1975-08-01,23.336239747954725
906,1975-07-01,23.536298283363312
905,1975-06-01,25.30784761651969
904,1975-05-01,25.19948981033525
903,1975-04-01,24.491680251079067
902,1975-03-01,22.951626137268363
901,1975-02-01,22.61466759017476
900,1975-01-01,21.543934067042734
899,1974-12-01,19.44222910120272
898,1974-11-01,17.89766096032654
897,1974-10-01,19.058312171575487
896,1974-09-01,18.37122823556534
895,1974-08-01,17.944157292015372
894,1974-07-01,19.940168120919402
893,1974-06-01,20.719210433208023
892,1974-05-01,23.37192378252456
891,1974-04-01,23.264905218519374
890,1974-03-01,23.912946056654718
889,1974-02-01,25.123918950046985
888,1974-01-01,24.02593377646264
887,1973-12-01,24.634403543999426
886,1973-11-01,24.222619020648406
885,1973-10-01,25.9927234903406
884,1973-09-01,27.904158336382825
883,1973-08-01,26.769146523774776
882,1973-07-01,26.244261297818408
881,1973-06-01,26.681843531738927
880,1973-05-01,26.362853010314126
879,1973-04-01,26.89812571198258
878,1973-03-01,27.607642114320623
877,1973-02-01,28.065103298079315
876,1973-01-01,28.449167053298847
875,1972-12-01,29.42915801520518
874,1972-11-01,29.140665427473195
873,1972-10-01,28.482714717498972
872,1972-09-01,27.06196172683988
871,1972-08-01,26.948776864011034
870,1972-07-01,27.278850960634713
869,1972-06-01,26.285267836418107
868,1972-05-01,26.417354609465434
867,1972-04-01,26.28069499548889
866,1972-03-01,26.487295903536474
865,1972-02-01,26.157708772996717
864,1972-01-01,25.489874072302396
863,1971-12-01,24.968041994614946
862,1971-11-01,23.911168353394892
861,1971-10-01,22.313520299920576
860,1971-09-01,23.333180278072337
859,1971-08-01,23.77540276958665
858,1971-07-01,23.197778095020638
857,1971-06-01,23.55582666025654
856,1971-05-01,23.664684207611554
855,1971-04-01,24.04947582074345
854,1971-03-01,24.319421398264183
853,1971-02-01,23.458494644800023
852,1971-01-01,22.81288986171353
851,1970-12-01,21.903878887867045
850,1970-11-01,21.039169040310295
849,1970-10-01,19.63341642432838
848,1970-09-01,19.592272651759686
847,1970-08-01,19.11627734584807
846,1970-07-01,17.97994483243799
845,1970-06-01,17.412303730813473
844,1970-05-01,17.32222814446227
843,1970-04-01,17.369124781371973
842,1970-03-01,19.559825204247716
841,1970-02-01,20.112930801282996
840,1970-01-01,19.716626606492497
839,1969-12-01,20.368415915798035
838,1969-11-01,20.489302802331792
837,1969-10-01,21.574500160399907
836,1969-09-01,21.3608912479207
835,1969-08-01,21.076360382753528
834,1969-07-01,20.944410595998736
833,1969-06-01,21.003219610909284
832,1969-05-01,21.926317581072432
831,1969-04-01,23.073048070159352
830,1969-03-01,22.29064638214603
829,1969-02-01,21.795879908229228
828,1969-01-01,22.220287397521897
827,1968-12-01,22.2737443840436
826,1968-11-01,23.19940046249724
825,1968-10-01,22.90393964112671
824,1968-09-01,22.50116872102044
823,1968-08-01,21.90534338105573
822,1968-07-01,21.16253828717586
821,1968-06-01,21.57901324276115
820,1968-05-01,21.568229128197054
819,1968-04-01,20.9522334643453
818,1968-03-01,20.42924479752857
817,1968-02-01,18.975705737997927
816,1968-01-01,19.276417856560265
815,1967-12-01,20.134131874410137
814,1967-11-01,20.1381595063114
813,1967-10-01,19.530753085356807
812,1967-09-01,20.10991874521912
811,1967-08-01,20.089828916302817
810,1967-07-01,19.763727413972276
809,1967-06-01,19.404739728986037
808,1967-05-01,19.026119942137502
807,1967-04-01,19.216361925196953
806,1967-03-01,18.82849492964624
805,1967-02-01,18.461118668150053
804,1967-01-01,17.98803338999323
803,1966-12-01,17.341206391587033
802,1966-11-01,16.653420139812763
801,1966-10-01,16.53437265668463
800,1966-09-01,15.699176468557381
799,1966-08-01,15.787586955508228
798,1966-07-01,16.31286108236023
797,1966-06-01,17.311748999639423
796,1966-05-01,17.30828734217099
795,1966-04-01,17.405759595908073
794,1966-03-01,18.323781025274318
793,1966-02-01,17.734979699258922
792,1966-01-01,18.447035260306762
791,1965-12-01,18.526700070610385
790,1965-11-01,18.166993597382216
789,1965-10-01,18.20522456897707
788,1965-09-01,18.010708912719696
787,1965-08-01,17.57142332948263
786,1965-07-01,16.960833329616438
785,1965-06-01,16.608728289871166
784,1965-05-01,16.59213615371745
783,1965-04-01,17.37578401268976
782,1965-03-01,17.080294910734057
781,1965-02-01,16.817935122818096
780,1965-01-01,16.760947899958236
779,1964-12-01,16.598284709802172
778,1964-11-01,16.143050680608997
777,1964-10-01,16.387220262520554
776,1964-09-01,16.234614882623887
775,1964-08-01,15.920971739358524
774,1964-07-01,15.613387995840466
773,1964-06-01,15.807824233917652
772,1964-05-01,15.20567933235634
771,1964-04-01,15.259086133824725
770,1964-03-01,15.075169071156616
769,1964-02-01,14.824632777221572
768,1964-01-01,14.523986261606321
767,1963-12-01,14.312166201819396
766,1963-11-01,13.85093022531636
765,1963-10-01,13.527620104811367
764,1963-09-01,13.56968613182001
763,1963-08-01,13.5021752555423
762,1963-07-01,13.122922786998057
761,1963-06-01,12.736991931474384
760,1963-05-01,12.894302421010714
759,1963-04-01,12.86599722711107
758,1963-03-01,12.580421655530527
757,1963-02-01,11.983636555087184
756,1963-01-01,11.996833071465796
755,1962-12-01,11.807906566403341
754,1962-11-01,11.337404288433357
753,1962-10-01,10.836746595711485
752,1962-09-01,10.108905406447281
751,1962-08-01,10.40653222817303
750,1962-07-01,10.468295169674107
749,1962-06-01,10.161420277299657
748,1962-05-01,9.892348400797953
747,1962-04-01,11.166439102379448
746,1962-03-01,12.03150425857068
745,1962-02-01,12.395945042829878
744,1962-01-01,12.353941641249628
743,1961-12-01,12.122403730006505
742,1961-11-01,12.560774769460684
741,1961-10-01,12.416740578747216
740,1961-09-01,11.85142748758921
739,1961-08-01,11.694718262866793
738,1961-07-01,11.758212610966009
737,1961-06-01,11.323394270961103
736,1961-05-01,11.3267923086537
735,1961-04-01,11.45045724692044
734,1961-03-01,11.307976739996485
733,1961-02-01,10.987151904388346
732,1961-01-01,10.625872247957782
731,1960-12-01,10.180964116084873
730,1960-11-01,9.656610183140351
729,1960-10-01,9.403651945798376
728,1960-09-01,9.082144046550487
727,1960-08-01,9.236391789434036
726,1960-07-01,9.494646165125449
725,1960-06-01,9.355252896960735
724,1960-05-01,9.565698258651059
723,1960-04-01,9.198671274787054
722,1960-03-01,9.256058839592528
721,1960-02-01,9.112087851538224
720,1960-01-01,9.211572838190683
719,1959-12-01,9.556564828499516
718,1959-11-01,9.701111388183449
717,1959-10-01,9.376678318367919
716,1959-09-01,9.314272691335969
715,1959-08-01,9.297537124511848
714,1959-07-01,9.654763369171182
713,1959-06-01,9.685757794112341
712,1959-05-01,9.292677534406927
711,1959-04-01,9.349710770104565
710,1959-03-01,9.18709911575569
709,1959-02-01,9.012261247553157
708,1959-01-01,8.765938379100435
707,1958-12-01,8.878697841689897
706,1958-11-01,8.51673653879127
705,1958-10-01,8.336664583781586
704,1958-09-01,8.068000177858885
703,1958-08-01,7.730931561765891
702,1958-07-01,7.510133632956956
701,1958-06-01,7.2178122373445035
700,1958-05-01,7.002825494658488
699,1958-04-01,6.816065305293447
698,1958-03-01,6.581754833230442
697,1958-02-01,6.523047406571301
696,1958-01-01,6.368919553379516
695,1957-12-01,6.324647024210047
694,1957-11-01,6.180638155194026
693,1957-10-01,6.160923200950982
692,1957-09-01,6.27385254679326
691,1957-08-01,6.667218434424293
690,1957-07-01,6.926260580120811
689,1957-06-01,7.3069528221550915
688,1957-05-01,7.141275236664475
687,1957-04-01,7.004683900602721
686,1957-03-01,6.724926939902765
685,1957-02-01,6.55195531946879
684,1957-01-01,6.44750572669631
683,1956-12-01,6.71615179864199
682,1956-11-01,6.843439778522508
681,1956-10-01,6.72177563944849
680,1956-09-01,6.769841514199305
679,1956-08-01,6.834771846743367
678,1956-07-01,7.0527002855674
677,1956-06-01,7.07250329479282
676,1956-05-01,6.687946378054675
675,1956-04-01,6.705380367008899
674,1956-03-01,6.901379546118669
673,1956-02-01,6.800728760463805
672,1956-01-01,6.343371663523743
671,1955-12-01,6.283676734545559
670,1955-11-01,6.437533792178629
669,1955-10-01,6.358686084728002
668,1955-09-01,5.938812071287945
667,1955-08-01,6.233010150386172
666,1955-07-01,5.946393961444545
665,1955-06-01,5.964286821910275
664,1955-05-01,5.540957656921474
663,1955-04-01,5.219931848253861
662,1955-03-01,5.224111137163592
661,1955-02-01,5.032377552416523
660,1955-01-01,5.054617871049139
659,1954-12-01,4.8742698852932875
658,1954-11-01,4.770744724765868
657,1954-10-01,4.545731038366715
656,1954-09-01,4.3583231432087395
655,1954-08-01,4.2433289292266965
654,1954-07-01,4.130162477347378
653,1954-06-01,4.033755715741164
652,1954-05-01,3.8615314146478696
651,1954-04-01,3.8149885542855855
650,1954-03-01,3.653503691137316
649,1954-02-01,3.497849393142476
648,1954-01-01,3.409874627746613
647,1953-12-01,3.320875173107337
646,1953-11-01,3.223524726370935
645,1953-10-01,3.1652835097907843
644,1953-09-01,3.08176760762417
643,1953-08-01,2.976977982635404
642,1953-07-01,3.104576058645744
641,1953-06-01,3.076884101730173
640,1953-05-01,3.0192170559613123
639,1953-04-01,3.11612865720024
638,1953-03-01,3.0852758982180593
637,1953-02-01,3.229640843942279
636,1953-01-01,3.1989311053311003
635,1952-12-01,3.223754011217475
634,1952-11-01,3.19215170929545
633,1952-10-01,3.054398343981868
632,1952-09-01,2.946270226663324
631,1952-08-01,2.9944813768302914
630,1952-07-01,3.0280932114776937
629,1952-06-01,3.0016784411951765
628,1952-05-01,2.9038197167410043
627,1952-04-01,2.8126886059095355
626,1952-03-01,2.799809482290997
625,1952-02-01,2.794221040210576
624,1952-01-01,2.7734203873057823
623,1951-12-01,2.8108040815909416
622,1951-11-01,2.7071213344803446
621,1951-10-01,2.6127992804558873
620,1951-09-01,2.672940440364079
619,1951-08-01,2.672138798724462
618,1951-07-01,2.5907880538340717
617,1951-06-01,2.468122371948244
616,1951-05-01,2.4109820962667223
615,1951-04-01,2.4390309522172204
614,1951-03-01,2.4237612563025146
613,1951-02-01,2.377868396254797
612,1951-01-01,2.404559001167759
611,1950-12-01,2.3052046794820815
610,1950-11-01,2.1342511614499413
609,1950-10-01,2.1302037742788116
608,1950-09-01,2.1221396436330062
607,1950-08-01,2.0264893464791887
606,1950-07-01,1.9464886624523954
605,1950-06-01,1.8252894434099731
604,1950-05-01,1.956785423895769
603,1950-04-01,1.9154125136019664
602,1950-03-01,1.8433379978846758
601,1950-02-01,1.7828977636954015
600,1950-01-01,1.7586286878037103
599,1949-12-01,1.715400592863549
598,1949-11-01,1.671441676764639
597,1949-10-01,1.6189865137201076
596,1949-09-01,1.5880201213537102
595,1949-08-01,1.5396743468622358
594,1949-07-01,1.5114109618751703
593,1949-06-01,1.4509080943411445
592,1949-05-01,1.3654320481283122
591,1949-04-01,1.4359365318417419
590,1949-03-01,1.4385258784229031
589,1949-02-01,1.4326520052015768
588,1949-01-01,1.411618883832473
587,1948-12-01,1.4602450437907035
586,1948-11-01,1.4368247995579095
585,1948-10-01,1.439127403403355
584,1948-09-01,1.5164672322480033
583,1948-08-01,1.4695873943676745
582,1948-07-01,1.479649007619487
581,1948-06-01,1.5174330916003353
580,1948-05-01,1.5477693712773717
579,1948-04-01,1.4798445083443652
578,1948-03-01,1.404960133242538
577,1948-02-01,1.2986044303933246
576,1948-01-01,1.274140924640232
575,1947-12-01,1.3334808211828697
574,1947-11-01,1.345048236012578
573,1947-10-01,1.3602834102068952
572,1947-09-01,1.3702865016690795
571,1947-08-01,1.3299878692313691
570,1947-07-01,1.359488775663262
569,1947-06-01,1.3810328887274097
568,1947-05-01,1.2944351754873087
567,1947-04-01,1.245607366712191
566,1947-03-01,1.2627811909085471
565,1947-02-01,1.3058750681577531
564,1947-01-01,1.3556265630206095
563,1946-12-01,1.3001117896044976
562,1946-11-01,1.2882597994495615
561,1946-10-01,1.2460197305828045
560,1946-09-01,1.2461443450173062
559,1946-08-01,1.2698913125622198
558,1946-07-01,1.4838645858404063
557,1946-06-01,1.5082990301284878
556,1946-05-01,1.5477670909476529
555,1946-04-01,1.5530474522854232
554,1946-03-01,1.545013382695407
553,1946-02-01,1.4470482183154507
552,1946-01-01,1.4868970595103275
551,1945-12-01,1.478175822159586
550,1945-11-01,1.4172347288203127
549,1945-10-01,1.3891734256227335
548,1945-09-01,1.3407715718779398
547,1945-08-01,1.2829122302917806
546,1945-07-01,1.196969798742098
545,1945-06-01,1.1885312270301835
544,1945-05-01,1.209085683652272
543,1945-04-01,1.1831741693436462
542,1945-03-01,1.1359199014435926
541,1945-02-01,1.103906609760537
540,1945-01-01,1.1004950750279503
539,1944-12-01,1.0609226598167842
538,1944-11-01,1.0262358868415402
537,1944-10-01,1.0002299092022808
536,1944-09-01,1.0030384167692348
535,1944-08-01,0.9749595808410136
534,1944-07-01,0.9871009221838752
533,1944-06-01,0.9976762908670662
532,1944-05-01,0.9684297135187985
531,1944-04-01,0.9210858983439209
530,1944-03-01,0.9012582175576525
529,1944-02-01,0.9132214181352238
528,1944-01-01,0.8845616215955288
527,1943-12-01,0.8866896768198965
526,1943-11-01,0.8553001609143402
525,1943-10-01,0.8404246447030954
524,1943-09-01,0.8773615666594586
523,1943-08-01,0.8817704187532248
522,1943-07-01,0.8598443868875911
521,1943-06-01,0.9007378869553647
520,1943-05-01,0.8790259460870155
519,1943-04-01,0.8602720161352666
518,1943-03-01,0.8243311768256675
517,1943-02-01,0.7942298649442793
516,1943-01-01,0.7636091384907983
515,1942-12-01,0.7174754660253672
514,1942-11-01,0.6736858835918941
513,1942-10-01,0.6666197146169544
512,1942-09-01,0.6525890500410713
511,1942-08-01,0.6044170140234059
510,1942-07-01,0.5945475251066358
509,1942-06-01,0.5942503999066825
508,1942-05-01,0.5693144279619491
507,1942-04-01,0.5383587971271385
506,1942-03-01,0.5284762904948842
505,1942-02-01,0.5473602180164517
504,1942-01-01,0.5747167345825827
503,1941-12-01,0.5893321724595803
502,1941-11-01,0.5742858823422142
501,1941-10-01,0.6101634959012051
500,1941-09-01,0.6361170724574698
499,1941-08-01,0.6587108547762969
498,1941-07-01,0.6530942442755274
497,1941-06-01,0.6525721865263064
496,1941-05-01,0.6173230408914071
495,1941-04-01,0.5929526855166719
494,1941-03-01,0.6025329595738969
493,1941-02-01,0.6182995993575134
492,1941-01-01,0.6110887520829348
491,1940-12-01,0.6481637166768507
490,1940-11-01,0.6435302985274529
489,1940-10-01,0.6674933082952526
488,1940-09-01,0.6489968967382135
487,1940-08-01,0.6395948524078185
486,1940-07-01,0.6105334597249127
485,1940-06-01,0.5947720016803826
484,1940-05-01,0.5726119203623593
483,1940-04-01,0.6230137312178863
482,1940-03-01,0.7189172988897834
481,1940-02-01,0.7088516060833991
480,1940-01-01,0.709916480804606
479,1939-12-01,0.711553052826106
478,1939-11-01,0.7126219858048132
477,1939-10-01,0.7269427581401746
476,1939-09-01,0.7373392414445427
475,1939-08-01,0.7273024673944986
474,1939-07-01,0.6548734624477747
473,1939-06-01,0.6619563958837306
472,1939-05-01,0.6436759975532191
471,1939-04-01,0.6300048914096301
470,1939-03-01,0.6051920186451779
469,1939-02-01,0.6895989273532109
468,1939-01-01,0.6877420238887114
467,1938-12-01,0.6909202570712392
466,1938-11-01,0.6990289933946168
465,1938-10-01,0.717320670492167
464,1938-09-01,0.7139650348284732
463,1938-08-01,0.6396389847952635
462,1938-07-01,0.6668463144237525
461,1938-06-01,0.6598518844485974
460,1938-05-01,0.5476403721873992
459,1938-04-01,0.532051269977071
458,1938-03-01,0.5238787613007788
457,1938-02-01,0.5425422134432257
456,1938-01-01,0.5772953963005168
455,1937-12-01,0.5878771856420741
454,1937-11-01,0.5694277272782585
453,1937-10-01,0.5752957438656885
452,1937-09-01,0.6271620449860335
451,1937-08-01,0.7301071536507956
450,1937-07-01,0.8465992041405329
449,1937-06-01,0.8345812343656673
448,1937-05-01,0.7844545863010314
447,1937-04-01,0.8115607141537672
446,1937-03-01,0.8461690273733367
445,1937-02-01,0.8965554432860104
444,1937-01-01,0.8944980976613893
443,1936-12-01,0.8659226502046364
442,1936-11-01,0.8369637059778045
441,1936-10-01,0.8488475719856029
440,1936-09-01,0.8233245121101872
439,1936-08-01,0.7800326974042512
438,1936-07-01,0.7689596780404685
437,1936-06-01,0.7516712395312498
436,1936-05-01,0.7075884773898614
435,1936-04-01,0.6766648918330892
434,1936-03-01,0.7124288185229408
433,1936-02-01,0.7095197873946228
432,1936-01-01,0.6928227589050121
431,1935-12-01,0.6534214457276356
430,1935-11-01,0.6174838836964993
429,1935-10-01,0.6156983584569742
428,1935-09-01,0.5612053217181425
427,1935-08-01,0.544912439769048
426,1935-07-01,0.5319851994230674
425,1935-06-01,0.49671820674422734
424,1935-05-01,0.4703770897199122
423,1935-04-01,0.4515475566093042
422,1935-03-01,0.4170569470853461
421,1935-02-01,0.38637849461306845
420,1935-01-01,0.41073508516324914
419,1934-12-01,0.4217858750906235
418,1934-11-01,0.4201054532775134
417,1934-10-01,0.4156990434172902
416,1934-09-01,0.4027701224855055
415,1934-08-01,0.39795486857573903
414,1934-07-01,0.40611783710147875
413,1934-06-01,0.4208911152466357
412,1934-05-01,0.44007853957197374
411,1934-04-01,0.43272226113271756
410,1934-03-01,0.4798960420680022
409,1934-02-01,0.47039408161929247
408,1934-01-01,0.49411143027236604
407,1933-12-01,0.4585720930602005
406,1933-11-01,0.4322889263388014
405,1933-10-01,0.42248722277052514
404,1933-09-01,0.41097978868728124
403,1933-08-01,0.4535199610320914
402,1933-07-01,0.4557073563425356
401,1933-06-01,0.4778810364330281
400,1933-05-01,0.4406057868643077
399,1933-04-01,0.37472851408769153
398,1933-03-01,0.28976841485283905
397,1933-02-01,0.260489405656993
396,1933-01-01,0.2596326180175351
395,1932-12-01,0.2926097351713458
394,1932-11-01,0.2798218754627004
393,1932-10-01,0.2874094858902017
392,1932-09-01,0.2883900119307663
391,1932-08-01,0.3323231296736187
390,1932-07-01,0.3010991480235741
389,1932-06-01,0.19894228478597561
388,1932-05-01,0.18736323675454475
387,1932-04-01,0.21386056015813806
386,1932-03-01,0.2411326645147571
385,1932-02-01,0.31405660916222594
384,1932-01-01,0.310516718570522
383,1931-12-01,0.3106720545978209
382,1931-11-01,0.313335405544953
381,1931-10-01,0.38258291275330036
380,1931-09-01,0.37489751372199936
379,1931-08-01,0.4296819641512886
378,1931-07-01,0.5017890507430673
377,1931-06-01,0.5146026568998743
376,1931-05-01,0.49547723560550194
375,1931-04-01,0.5091216970874455
374,1931-03-01,0.5604598162565451
373,1931-02-01,0.616431826063072
372,1931-01-01,0.6021018031481461
371,1930-12-01,0.5567799178362735
370,1930-11-01,0.5376399361107314
369,1930-10-01,0.5731158044032953
368,1930-09-01,0.6149311206043941
367,1930-08-01,0.7098362237151035
366,1930-07-01,0.7074309584563518
365,1930-06-01,0.7138556593908697
364,1930-05-01,0.7266446044288168
363,1930-04-01,0.8053248414372347
362,1930-03-01,0.8535504413749175
361,1930-02-01,0.8000285325474904
360,1930-01-01,0.7683716217321268
359,1929-12-01,0.7205285275057454
358,1929-11-01,0.7075798168572576
357,1929-10-01,0.6779532594205783
356,1929-09-01,0.9185113933350201
355,1929-08-01,1.0242098498383363
354,1929-07-01,0.9825497408272604
353,1929-06-01,0.9272836361148172
352,1929-05-01,0.8491608389329828
351,1929-04-01,0.830881447096852
350,1929-03-01,0.8161900266177328
349,1929-02-01,0.8186459645112666
348,1929-01-01,0.8022008471447982
347,1928-12-01,0.7957552297835515
346,1928-11-01,0.7389314047576855
345,1928-10-01,0.7337948408715844
344,1928-09-01,0.6852772141124248
343,1928-08-01,0.6694775440723181
342,1928-07-01,0.6235238372658266
341,1928-06-01,0.601915085689571
340,1928-05-01,0.5954249536943031
339,1928-04-01,0.6239389643658212
338,1928-03-01,0.6031892540272826
337,1928-02-01,0.5655252709800137
336,1928-01-01,0.5347756699574597
335,1927-12-01,0.5392514570509829
334,1927-11-01,0.5351309487456414
333,1927-10-01,0.5209608145888254
332,1927-09-01,0.5074623169577492
331,1927-08-01,0.5134699149628141
330,1927-07-01,0.48413154343090153
329,1927-06-01,0.45789420545814963
328,1927-05-01,0.44620366932191546
327,1927-04-01,0.4387450042496711
326,1927-03-01,0.4223981941365853
325,1927-02-01,0.4105736723722641
324,1927-01-01,0.4026416322175778
323,1926-12-01,0.3933199494164089
322,1926-11-01,0.3942661882682527
321,1926-10-01,0.3838634877502217
320,1926-09-01,0.3772984939553978
319,1926-08-01,0.38433176525964935
318,1926-07-01,0.37701762336634226
317,1926-06-01,0.3611625858476312
316,1926-05-01,0.34508177512672583
315,1926-04-01,0.32796215085223895
314,1926-03-01,0.3242334659933158
313,1926-02-01,0.3320363195016035
312,1926-01-01,0.3546638747079721
311,1925-12-01,0.35268881733091895
310,1925-11-01,0.3460108087225732
309,1925-10-01,0.3390933052945641
308,1925-09-01,0.3275314452763104
307,1925-08-01,0.3157538275101806
306,1925-07-01,0.3073329058888267
305,1925-06-01,0.3019283877481351
304,1925-05-01,0.29250957929484117
303,1925-04-01,0.2861009187156115
302,1925-03-01,0.2759727198954485
301,1925-02-01,0.2776664854567346
300,1925-01-01,0.2838835348703963
299,1924-12-01,0.28026807668120873
298,1924-11-01,0.26799395360605155
297,1924-10-01,0.25313493303679185
296,1924-09-01,0.23862644517042975
295,1924-08-01,0.24057510350885145
294,1924-07-01,0.24173543359008384
293,1924-06-01,0.23259447088432972
292,1924-05-01,0.22118150521522414
291,1924-04-01,0.21595538490062893
290,1924-03-01,0.21558888379817204
289,1924-02-01,0.2195182606640587
288,1924-01-01,0.22268032122546022
287,1923-12-01,0.22058476594894522
286,1923-11-01,0.2125298833692506
285,1923-10-01,0.20451297475870922
284,1923-09-01,0.19752074054347035
283,1923-08-01,0.19939505405155497
282,1923-07-01,0.1971085943570136
281,1923-06-01,0.19507976480306177
280,1923-05-01,0.20078197283147567
279,1923-04-01,0.2076553654271131
278,1923-03-01,0.2168724443103009
277,1923-02-01,0.22367207540253806
276,1923-01-01,0.21911449392881865
275,1922-12-01,0.20917851449051897
274,1922-11-01,0.2053790029361993
273,1922-10-01,0.20486683584658286
272,1922-09-01,0.21456518207643785
271,1922-08-01,0.20898527522785415
270,1922-07-01,0.20276052704749603
269,1922-06-01,0.19451316869483504
268,1922-05-01,0.19222568306634552
267,1922-04-01,0.19313341009378632
266,1922-03-01,0.18502913402355461
265,1922-02-01,0.17360586791476318
264,1922-01-01,0.1664805024115489
263,1921-12-01,0.162072140198159
262,1921-11-01,0.16144251439203008
261,1921-10-01,0.15509896665580755
260,1921-09-01,0.14637501571895767
259,1921-08-01,0.14356121588756146
258,1921-07-01,0.13924463228667455
257,1921-06-01,0.1400992376362557
256,1921-05-01,0.13966627219245906
255,1921-04-01,0.15087638780648058
254,1921-03-01,0.1455914192863848
253,1921-02-01,0.14409285360885274
252,1921-01-01,0.14697353489275064
251,1920-12-01,0.1471353838149471
250,1920-11-01,0.14008891156331246
249,1920-10-01,0.15291879878104186
248,1920-09-01,0.16017471329322497
247,1920-08-01,0.15910868510303464
246,1920-07-01,0.15281279783234217
245,1920-06-01,0.1581421896226246
244,1920-05-01,0.1574807703869992
243,1920-04-01,0.15939349229453362
242,1920-03-01,0.16915365838324697
241,1920-02-01,0.16966264632221362
240,1920-01-01,0.15770835315320098
239,1919-12-01,0.17099463640160573
238,1919-11-01,0.17187117941663055
237,1919-10-01,0.17618778002729937
236,1919-09-01,0.18066835523718147
235,1919-08-01,0.1710874576109673
234,1919-07-01,0.1675849325212727
233,1919-06-01,0.17875726135602424
232,1919-05-01,0.17229615552387878
231,1919-04-01,0.16696981831948712
230,1919-03-01,0.155364118655892
229,1919-02-01,0.1495323567429182
228,1919-01-01,0.14428054490825762
227,1918-12-01,0.1428803177938776
226,1918-11-01,0.1429231947523033
225,1918-10-01,0.1449378305976101
224,1918-09-01,0.14048447280954743
223,1918-08-01,0.13390951559388756
222,1918-07-01,0.13372230436777266
221,1918-06-01,0.13159053765771764
220,1918-05-01,0.12963307817724132
219,1918-04-01,0.1285404840627083
218,1918-03-01,0.12366796619463949
217,1918-02-01,0.12392821544707835
216,1918-01-01,0.1255223492829721
215,1917-12-01,0.12088053667466496
214,1917-11-01,0.1131098874096238
213,1917-10-01,0.11614117199879227
212,1917-09-01,0.12570751379888762
211,1917-08-01,0.13196253810506783
210,1917-07-01,0.13770482949500973
209,1917-06-01,0.141033213329588
208,1917-05-01,0.14419099614516714
207,1917-04-01,0.14052333704820888
206,1917-03-01,0.14461596897006163
205,1917-02-01,0.14603248406549696
204,1917-01-01,0.1409035932704525
203,1916-12-01,0.14855413101787293
202,1916-11-01,0.15138503109943233
201,1916-10-01,0.15698955833188044
200,1916-09-01,0.1527878913205649
199,1916-08-01,0.14754987090349095
198,1916-07-01,0.1411285231023347
197,1916-06-01,0.13942750751070412
196,1916-05-01,0.14076477285280578
195,1916-04-01,0.13880758589173237
194,1916-03-01,0.13523732062717495
193,1916-02-01,0.1361495224274388
192,1916-01-01,0.13604068987553838
191,1915-12-01,0.1374148382581196
190,1915-11-01,0.1390838443908093
189,1915-10-01,0.13826806282017032
188,1915-09-01,0.13309082955065005
187,1915-08-01,0.1256166395003776
186,1915-07-01,0.12062285337082541
185,1915-06-01,0.11521907858518046
184,1915-05-01,0.11513848164802686
183,1915-04-01,0.1133475897302883
182,1915-03-01,0.11554290492384128
181,1915-02-01,0.10699407808486089
180,1915-01-01,0.10382734409011246
179,1914-12-01,0.10473856964603295
178,1914-11-01,0.10244382790104944
177,1914-10-01,0.10653476279227271
176,1914-09-01,0.10603639175104282
175,1914-08-01,0.10554035209619073
174,1914-07-01,0.10503617843968027
173,1914-06-01,0.10453441325605123
172,1914-05-01,0.11011736359006766
171,1914-04-01,0.11015040871268146
170,1914-03-01,0.1089627151178964
169,1914-02-01,0.11111841231684316
168,1914-01-01,0.11271902243542621
167,1913-12-01,0.11073683312253287
166,1913-11-01,0.10586695327201995
165,1913-10-01,0.105476689520793
164,1913-09-01,0.10769521086460383
163,1913-08-01,0.11068366995334412
162,1913-07-01,0.10913396761323617
161,1913-06-01,0.1057909728705275
160,1913-05-01,0.10386938917086647
159,1913-04-01,0.10883213450426076
158,1913-03-01,0.11137140248082354
157,1913-02-01,0.11099402280329235
156,1913-01-01,0.11262711598507594
155,1912-12-01,0.11625424853950861
154,1912-11-01,0.11675630063222718
153,1912-10-01,0.12060355400498625
152,1912-09-01,0.12146596233758308
151,1912-08-01,0.12122351530696915
150,1912-07-01,0.12013032931024589
149,1912-06-01,0.11696069448957833
148,1912-05-01,0.11635564513487695
147,1912-04-01,0.11588053494161632
146,1912-03-01,0.11552241545370981
145,1912-02-01,0.11157274044206085
144,1912-01-01,0.1079980064292526
143,1911-12-01,0.10848619430361887
142,1911-11-01,0.10790351532088609
141,1911-10-01,0.10697285151272538
140,1911-09-01,0.10240556338572218
139,1911-08-01,0.10136153952857783
138,1911-07-01,0.10673006162849093
137,1911-06-01,0.11160730066766801
136,1911-05-01,0.1116184625139194
135,1911-04-01,0.10898111942386193
134,1911-03-01,0.10624012421901144
133,1911-02-01,0.10625074929394084
132,1911-01-01,0.10705365168155247
131,1910-12-01,0.10480044217479438
130,1910-11-01,0.10188648860081119
129,1910-10-01,0.10435981624583754
128,1910-09-01,0.10403730061393433
127,1910-08-01,0.09905484205839696
126,1910-07-01,0.09796740387538022
125,1910-06-01,0.09523418282821058
124,1910-05-01,0.0998680608517309
123,1910-04-01,0.10448635786956571
122,1910-03-01,0.10581968591205763
121,1910-02-01,0.10802336250720461
120,1910-01-01,0.10503000729917804
119,1909-12-01,0.10851328370614531
118,1909-11-01,0.11047982458373581
117,1909-10-01,0.10880423929853832
116,1909-09-01,0.10895677878884269
115,1909-08-01,0.10815642127143407
114,1909-07-01,0.1076718977316417
113,1909-06-01,0.1047697749651082
112,1909-05-01,0.10292737495344159
111,1909-04-01,0.10078074508317006
110,1909-03-01,0.09718490364818715
109,1909-02-01,0.09267178759243554
108,1909-01-01,0.09107792392376957
107,1908-12-01,0.09341325530643033
106,1908-11-01,0.09276390795077491
105,1908-10-01,0.09036912610888935
104,1908-09-01,0.08431528840165081
103,1908-08-01,0.08295482920272611
102,1908-07-01,0.08351437551870142
101,1908-06-01,0.07974255277255937
100,1908-05-01,0.07658716171010313
99,1908-04-01,0.07613794781797706
98,1908-03-01,0.07190965982052991
97,1908-02-01,0.06789695007131519
96,1908-01-01,0.06488622904368806
95,1907-12-01,0.06697587638696124
94,1907-11-01,0.0638960850858245
93,1907-10-01,0.060450411623296604
92,1907-09-01,0.06385382024220619
91,1907-08-01,0.07125747153465706
90,1907-07-01,0.07168038581094162
89,1907-06-01,0.07712544201736779
88,1907-05-01,0.07396704902404123
87,1907-04-01,0.07608213230203789
86,1907-03-01,0.07847563930070953
85,1907-02-01,0.07778336733145955
84,1907-01-01,0.0859105006974371
83,1906-12-01,0.08837619658207704
82,1906-11-01,0.09065155049961744
81,1906-10-01,0.09118039680106362
80,1906-09-01,0.08905205274056413
79,1906-08-01,0.09149496839675755
78,1906-07-01,0.08847787292984968
77,1906-06-01,0.08212165670117848
76,1906-05-01,0.08401192501399332
75,1906-04-01,0.08266449376561381
74,1906-03-01,0.0846451912406449
73,1906-02-01,0.08555204289533547
72,1906-01-01,0.08744076338443936
71,1905-12-01,0.08781838242888355
70,1905-11-01,0.08464422402783957
69,1905-10-01,0.08237079021782752
68,1905-09-01,0.0825689557115352
67,1905-08-01,0.08118874701232567
66,1905-07-01,0.08068847844596072
65,1905-06-01,0.07757015809071402
64,1905-05-01,0.07498323643374966
63,1905-04-01,0.07388238884003316
62,1905-03-01,0.07746921342144612
61,1905-02-01,0.07819644031638853
60,1905-01-01,0.0758158234597523
59,1904-12-01,0.07241243883452941
58,1904-11-01,0.0706531747824465
57,1904-10-01,0.06974647066381688
56,1904-09-01,0.06594787316926709
55,1904-08-01,0.06207442881143363
54,1904-07-01,0.05922567389698848
53,1904-06-01,0.05706298670101983
52,1904-05-01,0.054569175385884884
51,1904-04-01,0.05425449929000287
50,1904-03-01,0.05518716233343797
49,1904-02-01,0.05362662747394614
48,1904-01-01,0.0535570033695657
47,1903-12-01,0.05479537893346194
46,1903-11-01,0.05365783287648054
45,1903-10-01,0.0510637922311387
44,1903-09-01,0.050668577327980455
43,1903-08-01,0.052128165975288535
42,1903-07-01,0.05318115280074325
41,1903-06-01,0.05471312016537372
40,1903-05-01,0.05711181645654877
39,1903-04-01,0.060219123214412446
38,1903-03-01,0.061179643619234426
37,1903-02-01,0.06355666280826348
36,1903-01-01,0.06592330962375634
35,1902-12-01,0.06609515703203965
34,1902-11-01,0.06269103389171929
33,1902-10-01,0.06395086595095306
32,1902-09-01,0.06629093599145129
31,1902-08-01,0.06824267654050988
30,1902-07-01,0.0678828971854271
29,1902-06-01,0.06591212465814845
28,1902-05-01,0.06425436211556683
27,1902-04-01,0.06442831857572127
26,1902-03-01,0.06437681712202366
25,1902-02-01,0.06205592550802357
24,1902-01-01,0.0617779248462156
23,1901-12-01,0.061051413031144974
22,1901-11-01,0.059579792164677445
21,1901-10-01,0.060352301625483634
20,1901-09-01,0.05889178534883259
19,1901-08-01,0.05936671910164576
18,1901-07-01,0.05946781438610214
17,1901-06-01,0.05846801139131073
16,1901-05-01,0.062465824136015737
15,1901-04-01,0.056637795027668636
14,1901-03-01,0.05944352962601662
13,1901-02-01,0.05467077129220696
12,1901-01-01,0.05260345549139514
11,1900-12-01,0.05112094799941219
10,1900-11-01,0.049497432222513744
9,1900-10-01,0.04652451567112862
8,1900-09-01,0.04299068164029626
7,1900-08-01,0.04132924595298622
6,1900-07-01,0.04216409503467274
5,1900-06-01,0.04144298705983167
4,1900-05-01,0.04129432748090042
3,1900-04-01,0.04241405862869805
2,1900-03-01,0.04437545368141667
1,1900-02-01,0.043680926943022606
0,1900-01-01,0.043201391497401445
